,0
0,Edgaro
1,Paul
2,Samia
3,Terttu
4,Niccolo
5,Manuel
6,Baroukh
7,Christian
8,Abdoul
9,Salvatore
10,Jean
11,Giuliana
12,Mounir
13,Terhas
14,Roger
15,Jacques
16,Janine
17,Félicien
18,Raymonde
19,Maximilian
20,Angiolina
21,Fawzia
22,Salah
23,Renaud
24,Yasmine
25,Monira
26,Gamal
27,Saada
28,Frida
29,Jama
30,Rachel
31,Ahmed
32,Noordin
33,Ali
34,Mohamed
35,Deeq
36,Mohammed
37,Joseph
38,Marlys
39,François
40,Denis
41,Pierre
42,Bruna
43,Jeanne
44,Maria
45,Valérie
46,Betje
47,Paulette
48,Elleni
49,Samira
50,Noha
51,Moulay
52,André
53,Edith
54,Andrée
55,Eric
56,Victor
57,Aahawni
58,Santi
59,Evgueni
60,José
61,Emilio
62,Pedro
63,Simone
64,Carlo
65,Vittorio
66,Viviane
67,Giovanni
68,Santos
69,Uber
70,Robert
71,Martine
72,Lisette
73,Richard
74,Doris
75,Ahmad
76,Marie
77,Miguel
78,Silvia
79,Edithe
80,Louis
81,Brigitte
82,Renée
83,Elza
84,Josef
85,Boris
86,Clara
87,Tiam
88,Alan
89,Samuel
90,Louisa
91,Carmen
92,Lucette
93,Michel
94,Suzanne
95,Gabrièle
96,Odile
97,Gabrielle
98,Joséphine
99,Adrienne
100,Maurice
101,Aurelia
102,Giovanna
103,Marilena
104,Antonietta
105,David
106,Eva
107,Joyce
108,Mirella
109,Epiphania
110,Robin
111,Ljerka
112,Ingeborg
113,Cécile
114,Mostafa
115,Komivi
116,Iudita
117,Madeleine
118,Anna
119,Arda
120,Susanne
121,Hedwig
122,Armin
123,Hilda
124,Roman
125,Adolphine
126,Yvonne
127,Patrick
128,Gregory
129,Otto
130,Antonia
131,Marguerite
132,Friedrich
133,Marlyse
134,Roland
135,Georges
136,Alain
137,Daniel
138,Fritz
139,Lotte
140,Elise
141,Peter
142,Emile
143,Heinrich
144,Werner
145,Eduard
146,Marcel
147,Gisela
148,Josiane
149,Charlotte
150,Ana
151,Rosa
152,Ida
153,René
154,Rosette
155,Alice
156,Mireille
157,Lucien
158,Charles
159,Jean-Jacques
160,Benjamin
161,Liliane
162,Esther
163,Katharina
164,Michelle
165,Arnold
166,Hermann
167,Lina
168,Monique
169,Anne-Lise
170,Olga
171,Rosmary
172,Claude
173,Hans
174,Markus
175,Evelyn
176,Lucie
177,Anny
178,Ernst
179,Gilbert
180,Arlette
181,Sadruddin
182,Claudia
183,Natalie
184,Isidoros
185,Yves
186,Carla
187,Elke
188,Alexandre
189,Lucia
190,Michaela
191,Valerio
192,Françoise
193,Vicenta
194,Claus
195,Henri
196,Dolores
197,Pura
198,Ira
199,Francisco
200,Ernest
201,Jasimuddin
202,Saadat
203,Nazif
204,Sheikh
205,Nelly
206,Manessa
207,Daniele
208,Vincenzo
209,Fernand
210,Rabah
211,Bianca
212,Célia
213,Elife
214,Kadri
215,Feride
216,Salih
217,Azize
218,Kadir
219,Danielle
220,Mohammad
221,Haydar
222,Corinne
223,Souad
224,Ibrahim
225,Rijad
226,Nihad
227,Ayman
228,Issa
229,Shawkiya
230,Badriah
231,Latifa
232,Mohamad
233,Marwah
234,Faik
235,Dora
236,Désirée
237,Nazeeha
238,Karim
239,Giuseppe
240,Paolo
241,Nursen
242,Nur
243,Sergio
244,Khaldoun
245,Guido
246,Evelina
247,Cécil
248,Louise
249,Dionisia
250,Marcelle
251,Mathilde
252,Raymond
253,Dionisio
254,Giuliano
255,Leonardo
256,Lydia
257,Adolfo
258,Catterina
259,Georgette
260,Edmée
261,Elisabeth
262,Elsa
263,Francine
264,Juan
265,August
266,Claire
267,Marthe
268,Angela
269,Valeria
270,António
271,Agrippino
272,John
273,Isabella
274,Iraida-Irina
275,Thomas
276,Belarmino
277,Deborah
278,Nissim
279,Consuelo
280,Odetta
281,Draguna
282,Liri
283,Nadir
284,Shahid
285,Razia
286,Jean-Pierre
287,Rifka
288,Abdullah
289,Gaston
290,Bernard-Pierre
291,Léa
292,Antoinette
293,Gerald
294,Edmond
295,Concetta
296,Emilienne
297,Angèle
298,Concordia
299,Julia
300,Elvine
301,Fred
302,Germaine
303,Eduardo
304,Marcos
305,Rosetta
306,Ginette
307,Marianne
308,Erika
309,Erwin
310,Bluette
311,Jacqueline
312,Paula
313,Elsbeth
314,Yolande
315,Rita
316,Hélène
317,Bernard
318,Nunzio
319,Florence
320,Rabiha
321,Denise
322,Samer
323,Jean-Luc
324,Lidia
325,Vitorino
326,Albert
327,Loïse
328,Maria-Jesus
329,Verena
330,Blanche
331,Nashmeyah
332,Fahad
333,Catherine
334,Ghadir
335,Walther
336,Philippe
337,Margarita
338,Yasar
339,Sophie
340,Dilara
341,Raya
342,Gioachino
343,Grazia
344,Caroline
345,Roberto
346,Camilo
347,Claudio
348,Concepcion
349,Everardo
350,Marcelino
351,Jesusa
352,Juan-Manuel
353,Cristina
354,Jorge
355,Gerson
356,Hugo
357,Vitor
358,Artur
359,Magdy
360,Ara
361,Magdalena
362,Rey
363,Marisa
364,Laurent
365,Chonlada
366,Pietro
367,Akouvi
368,Teldja
369,Josefa
370,Carmela
371,Geneviève
372,Ella
373,Gad
374,Netty
375,Sandro
376,Massimo
377,Gilberte
378,Remo
379,Natacha
380,Eliane
381,Heinz
382,Rosaria
383,Algar
384,Florine
385,Aminah
386,Jeannine
387,Edgar
388,Marie-Thérèse
389,Sonja
390,Jules
391,Huguette
392,Sayed
393,Amina
394,Abdol
395,Shahla
396,Arulanantham
397,Agnes
398,Monika
399,James
400,Betty
401,Issey
402,Walter
403,Gerardo
404,Amador
405,Mario
406,Adelina
407,Primavera
408,Amal
409,Philppe
410,Willy
411,Virgile
412,Marlène
413,Henry
414,Salvataora
415,Tarcisia
416,Yosan
417,Karl
418,Sandra
419,Annette
420,Laurel
421,Svea
422,Gervais
423,Angelo
424,Mara
425,Dezso
426,Manuela
427,Gabor
428,Bertrand
429,Léonard
430,Fredy
431,Laurence
432,Gregório
433,Edvige
434,Nicole
435,Augusta
436,Emilia
437,Aglaia
438,Anca-Maria
439,Adele
440,Dan
441,Gordana
442,Pierrina
443,Hanneli
444,Salvador-Daniel
445,Anton
446,Jean-Louis
447,Sylvain
448,Albertine
449,Béatrice
450,Barrysson
451,Serge
452,Gérald
453,Vladimir
454,Milena
455,Saverio
456,Ivana
457,Sebastiao
458,Aris
459,Raffaele
460,Antoine
461,Jean-Aimé
462,Bo
463,Henrieta
464,Franco
465,Gaetana
466,Olimbia
467,Berthe
468,Rosaline
469,Marc
470,Max
471,Emma
472,Guillaume-Gentil
473,Marseli
474,Angel
475,Maggy
476,Odette
477,Naomie
478,Maryam
479,Erminia
480,Ursula
481,Gérard
482,Lysiane
483,Aline
484,Luigi
485,Guy
486,Juliette
487,Fernando
488,Martial
489,Baldassare
490,Denyse
491,Christiane
492,Agostino
493,May
494,Rocco
495,Wanda
496,Elena
497,Colette
498,Johnny
499,Anne
500,Raúl
501,Donita
502,Sobhi
503,Nazaré
504,Umberto
505,Alfredo
506,Vincenza
507,Madie
508,Edwige
509,Henriette
510,Dominique
511,Elia
512,Leonore
513,Nilda
514,Kifle
515,Koji
516,Venkatachalam
517,Vicente
518,Chafika
519,Sante
520,Domenico
521,Antonio
522,Samir
523,Margrit
524,Primo
525,Danna
526,Filippo
527,Gabriella
528,Claudine
529,Natalina
530,Maurizio
531,Adalgisa
532,Semhar
533,Cristobal
534,Dimitri
535,Sara
536,Pierrette
537,Armand
538,Stéphane
539,Michèle
540,Mary
541,Awni
542,nan
543,Jehonë
544,Giuseppa
545,Leone
546,Yamina
547,Sorentino
548,Rose
549,Rosalia
550,Rafael
551,Gerarda
552,Susan
553,Asta
554,Sébastien
555,Jean-Marie
556,Arno
557,Marceline
558,Alfred
559,Ettore
560,Costanza
561,Nadia
562,Nils
563,Isaia
564,Heidi
565,Marie-Louise
566,Aurélie
567,Fabio
568,Battista
569,Laure
570,Thérésia
571,Adib
572,Khédija
573,Elisa
574,Enrique
575,Martha
576,Vijayagari
577,Vincent
578,Zhanyl
579,Jaime
580,Rosalie
581,Garbis
582,Marcelline
583,Giorgio
584,Maria-Antonia
585,Florian
586,Julian
587,Berhane
588,Maryse
589,Navajbai
590,Amanda
591,Franck
592,Wasie
593,Marco
594,Yao
595,Sam
596,Stéphanie
597,Ekué
598,Bernadette
599,Rudolf
600,Christo
601,Penka
602,Josette
603,Irène
604,Alberte
605,Mehmet
606,Tatiana
607,Mangalika
608,Rami
609,Vessela
610,Narges
611,Khaleal
612,Aspasia
613,Olivier
614,Elly
615,Claire-Lise
616,Gustave
617,Léon
618,Héléne
619,Valentine
620,Berta
621,Micheline
622,Alma
623,Rosemary
624,Elzelina
625,Pasquale
626,Aimé
627,Ignacio
628,Marie-Claire
629,Yvan
630,Francis
631,Rodolphe
632,Janetta
633,Léonie
634,Lucienne
635,Higino
636,Lillie
637,Soe
638,Polyxene
639,Rashidah
640,Simonne
641,Gilles
642,Dennis
643,Micha
644,Sergey
645,Duilio
646,Hatemina
647,Hanife
648,Aza
649,Kegam
650,Sonia
651,Etiennette
652,Gennaro
653,Alicia
654,Anne-Marie
655,Alexis
656,Stephanie
657,Mortéza
658,Matias
659,Hormoze
660,Naim
661,Josué
662,Luis
663,Joaquim
664,Touran
665,Sadegh
666,Mena
667,Homeira
668,Rigobert
669,Esperanza
670,Lorenzo
671,Luigia
672,Christina
673,Paule
674,Adèle
675,Marija
676,Bouraoui
677,Natale
678,Yvette
679,Bellezza
680,Thérèse
681,Afria
682,Attilio
683,Aldesina
684,Iolanda
685,Habib
686,Vinh
687,Hervé
688,Melida
689,Edouard
690,Fabiola
691,Felix
692,Ivone
693,Joceline
694,Mathias
695,Daisy
696,Souha
697,Gilda
698,Elvezio
699,Bronislaw
700,Marja
701,Gabriel
702,Malika
703,Léone
704,Solange
705,Timur
706,Louana
707,Emil
708,Alfried
709,William
710,Agnese
711,Zita
712,Muka
713,Elka
714,Lise
715,Rodica
716,Christophe
717,Elvira
718,Margherita
719,Rose-Blanche
720,Pauline
721,Gwendoline
722,Reinhold
723,Uriel
724,Umbert
725,Guy-Louis
726,Bertha
727,Jaqueline
728,Paulina
729,Mina
730,Roberte
731,Augusto
732,Jacopo
733,Ilda
734,Wajih
735,Zaven
736,Faustino
737,Thamara
738,Pascaline
739,Thierno
740,Edwin
741,Malih
742,Aquila
743,Zikwenda
744,Siegfried
745,Bruno
746,Shami
747,Régine
748,Manoutchehre
749,Colomba
750,Loredana
751,Johannes
752,Caterina
753,Mehush
754,Miradije
755,Zbigniew
756,Namat
757,Mandana
758,Harmannus
759,István
760,Luc
761,Isidoro
762,Aldo
763,Dino
764,Theresia
765,Bubacar
766,Stefan
767,Leontina
768,Artemio
769,Idelma
770,Jean-Marc
771,Spasimir
772,Andras
773,Artine
774,Marian
775,Adolphe
776,Zsuzsanna
777,Tanja
778,Lillian
779,Cedonio
780,Ronald
781,Klara
782,Christine
783,Helena
784,Consolacion
785,Adina
786,Jean-Daniel
787,Marie-Christine
788,Nicolas
789,Alexander
790,Jean-Paul
791,Sabine
792,Agathe
793,Jose
794,Sorin
795,Enrichetta
796,Rodolfo
797,Oswald
798,Milan
799,Margit
800,Sandor
801,Bogumila
802,Kurt
803,Jean-Michel
804,Purnendu
805,Vittorina
806,Antoaneta
807,Séverin
808,Filipe
809,Sylvie
810,Luise
811,Nisbet
812,Marina
813,Casimiro
814,Leonilda
815,Thierry
816,Valy
817,Dean
818,Leopoldo
819,Antonino
820,Luisa
821,Albino
822,Rosalina
823,Casmiro
824,Horace
825,Nicetta
826,Adeline
827,Noëlle
828,Vivianne
829,Amy
830,Floriane
831,Louisette
832,Gaëlle
833,Rolande
834,Didier
835,Sylvaine
836,Danièle
837,Mona
838,Domenica
839,Cyrille
840,Adriana
841,Giacomino
842,Bella
843,Ankica
844,Marie-Françoise
845,Pascal
846,Claudette
847,Fatma
848,Isabelle
849,Eugène
850,Abdallahadi
851,Ariane
852,Norbert
853,Alcide
854,Sheila
855,Salim
856,Raoul
857,Franca
858,Marie-Claude
859,Jean-Claude
860,France
861,Doreen
862,Nell
863,Filberto
864,Patrice
865,Johanna
866,Rémy
867,Graciano
868,Felicidad
869,Eusebio
870,Rafaela
871,Modesto
872,Ignacia
873,Camila
874,Agnès
875,Filipina
876,Alpha
877,Ibrahima
878,Sándorné
879,Hulda
880,Johann
881,Arnaud
882,Iole
883,Erol
884,Annie
885,Mantica
886,Ciro
887,Ömer
888,Nicette
889,Dogan
890,Carmelo
891,Klaus
892,Terence
893,Aryan
894,Albena
895,Marino
896,Bohumir
897,Madelaine
898,Italo
899,Victoria
900,Emily
901,Patricia
902,Wilhelmina
903,Lubbarta
904,Josephte
905,Eléonore
906,Emilie
907,Gisèle
908,Ottilia
909,Jane
910,Evelyne
911,Margareta
912,Isolde
913,Freddy
914,Béatrice-Agnès
915,Maximiliana
916,Salomée
917,Lilli
918,Fernande
919,Margaretha
920,Margaritha
921,Frieda
922,Ulrich
923,Anne-Laure
924,Elfriede
925,Sarah
926,Paraska
927,Gabriele
928,Amélie
929,Reynolde
930,Kata
931,Christopher
932,Antonío
933,Jean-Nicolas
934,Luciano
935,Assunta
936,Marius
937,Sadija
938,Graham
939,Françis
940,Yolanda
941,Sylviane
942,Silvano
943,Ernestina
944,Sibylle
945,Eugénie
946,Jane-June
947,Andrew
948,Pierre-Richard
949,Antje-Christine
950,Erzsébet
951,Gerhard
952,Frédéric
953,Oliver
954,Ramdane
955,Djamila
956,Martino
957,Enrico
958,Liliana
959,Konrad
960,Claudius
961,Beatrice
962,Indira
963,Lilianne
964,Ines
965,Selim
966,Alegrina
967,Badrieh
968,Sala
969,Sadok
970,Mouloud
971,Laetitia
972,Soraya
973,Partizia
974,Michele
975,Boualem
976,Ezia
977,Lea
978,Ruth
979,Romilda
980,Germana
981,Calogero
982,Vinicio
983,Jesus
984,Mirta
985,Oscar
986,Jean-François
987,Adriano
988,Andrea
989,Judith
990,Cleonice
991,Hortense
992,Tahar
993,Nedjla
994,Réda
995,Mathani
996,Ouassila
997,Cherif
998,Ioanna
999,Dominico
1000,Achille
1001,Simon
1002,Tony
1003,Fermina
1004,Yako
1005,Amaliya
1006,Anis
1007,Pal
1008,Mery
1009,Amar
1010,Renato
1011,Elemer
1012,Fatima
1013,Emélie
1014,Yveline
1015,Oro
1016,Aziza
1017,Mad
1018,Rachida
1019,Nacéra
1020,Karima
1021,Giulio
1022,Ersulie
1023,Elias
1024,Fettouma
1025,Liaou
1026,Marialuisa
1027,Khalid
1028,Fabienne
1029,Paolina
1030,Miriam
1031,Ada
1032,Zyhrije
1033,Gaëtana
1034,Annemarie
1035,Céline
1036,Karoly
1037,Anna-Barbara
1038,Joan
1039,Bernd
1040,Woldemar
1041,Maddalena
1042,Helene
1043,Céclie
1044,Alina
1045,Paulin
1046,Armande
1047,Greta
1048,Lily
1049,Elmire
1050,Chantal
1051,Jocelyne
1052,Flory
1053,Ralph
1054,Erich
1055,Delphine
1056,Regina
1057,Leïla
1058,Alem
1059,Janina
1060,Arthur
1061,Fanny
1062,Radu
1063,Milagros
1064,Engracia
1065,Philippe-Charles
1066,Cédric
1067,Lyse
1068,Sauro
1069,Mirko
1070,Adrien
1071,Joaquina
1072,George
1073,Isaline
1074,Catharina
1075,Gertrud
1076,Nérée
1077,Messoda
1078,Noël
1079,Abderrazak
1080,Anita
1081,Nancy
1082,Gertrude
1083,Julien
1084,Eloi
1085,Jolanda
1086,Hanna
1087,Dina
1088,Jackie
1089,Ivan
1090,Madeline
1091,Pierino
1092,Asuncíon
1093,Agustin
1094,Juana
1095,Teresa
1096,Vanessa
1097,Irido
1098,Renata
1099,Pia
1100,Filomena
1101,Ruben
1102,Ingrid
1103,Hildegarde
1104,Bernardette
1105,Janita
1106,Violette
1107,Nathalie
1108,Klára
1109,Karen
1110,Margaret
1111,Gaël
1112,Fabien
1113,Ute
1114,György
1115,Ann
1116,Pilar
1117,Patrizia
1118,Virginie
1119,Laura
1120,Igina
1121,Ignina
1122,Xavier
1123,Emmanuel
1124,Annelies
1125,Brigitta
1126,Elizabeth
1127,Sultana
1128,Lucy
1129,Gladys
1130,Raphael
1131,Vera
1132,Ezio
1133,Gilberto
1134,Olimpia
1135,Arup
1136,Krisnaduth
1137,Sounittee
1138,Alberto
1139,Nicola
1140,Cesare
1141,Glorifina
1142,Davina
1143,Agron
1144,Tewfik
1145,Jovita
1146,Eleonora
1147,Gyslaine
1148,Clemence
1149,Ulla
1150,Per
1151,Clelia
1152,Amico
1153,Lino
1154,Hedwige
1155,Milka
1156,Joao
1157,Marguerithe
1158,Maysoun
1159,Frantz
1160,Regula
1161,Wen
1162,Jöel
1163,Farag
1164,Stefanos
1165,Carmélina
1166,Marcella
1167,Bindeswar
1168,Nives
1169,Francesco
1170,Pavel
1171,Prima
1172,Rosanna
1173,Angeliki
1174,Lajos
1175,Lisetta
1176,Ivy
1177,Clementina
1178,Traian
1179,Viola
1180,Livio
1181,Marzell
1182,Eugen
1183,Matteo
1184,Barbara
1185,Dorothy
1186,Marie-Andrée
1187,Palmina
1188,Faton
1189,Florence-Anne
1190,Jenny
1191,Michael
1192,Ernesta
1193,Gundel
1194,Knut
1195,Mehmed
1196,Jakup
1197,Zuhra
1198,Germain
1199,Murielle
1200,Alix
1201,Meinard
1202,Romain
1203,Iris
1204,Veronika
1205,Héléna
1206,Cornelia
1207,Clémence
1208,Régis
1209,Rina
1210,Marie-Julie
1211,Auguste
1212,Payom
1213,Reine
1214,Ildefonso
1215,Dulce
1216,Benita
1217,Camille
1218,Enriqueta
1219,Giulia
1220,Myrtha
1221,Elvire
1222,Adolf
1223,Hisae
1224,Erna
1225,Josianne
1226,Tecla
1227,Irma
1228,Rolf
1229,Caryl
1230,Stefano
1231,Gian
1232,Albano
1233,Adam
1234,Onorina
1235,Philippine
1236,Misao
1237,Hansjörg
1238,Conrad
1239,Jeroen
1240,Boyka
1241,Ellen
1242,Lydea
1243,Arpad
1244,Dagmar
1245,Wilhelm
1246,Ami
1247,Charly
1248,Pacale
1249,Christvie
1250,Rinio
1251,Moses
1252,Anneliese
1253,Ignace
1254,Doru
1255,Doina
1256,Pierina
1257,Pablo
1258,Santo
1259,Anab
1260,Rolando
1261,Delfina
1262,Euphrosine
1263,Severino
1264,Irene
1265,Benito
1266,Régina
1267,Eugenia
1268,Flavio
1269,Willor
1270,Sylvio
1271,Lyda
1272,Toufic
1273,Aloysia
1274,Grete
1275,Isidore
1276,Ursulina
1277,Lucrèce
1278,Ebe
1279,Karolina
1280,Petronilla
1281,Hector
1282,Eileen
1283,Hermine
1284,Cyrus
1285,Anette
1286,Bartolomeo
1287,Ottorina
1288,Sigmund
1289,Jean-Charles
1290,Kirsti
1291,Herta
1292,Vito
1293,Olivia
1294,Jany
1295,Marlise
1296,Ursule
1297,Placide
1298,Sylvia
1299,Pierre-Jean
1300,Primina
1301,Noemi
1302,Adon
1303,Alexandra
1304,Bothaina
1305,Jozsef
1306,Oreste
1307,Piroska
1308,Akka
1309,Zohra
1310,Mohand-Amokrane
1311,Riyad
1312,Gemma
1313,Zohair
1314,Abdelkader
1315,Marilyn
1316,Mariette
1317,Omar
1318,Boulenouar
1319,Bouziane
1320,Cosette
1321,Sliman
1322,Saïd
1323,Kristina
1324,Hocine
1325,Michel-André
1326,Marceau
1327,Hamid
1328,Silvio
1329,Lotfi
1330,Margot
1331,Eiveen
1332,Maureen
1333,Willi
1334,Mercedes
1335,Marince
1336,Mioara
1337,Chaloum
1338,Hild
1339,Marie-Thésèse
1340,Joël
1341,Petronella
1342,Judite
1343,Cheyda
1344,Urbain
1345,Eudoxie
1346,Narcisse
1347,Raphy
1348,Ludovic
1349,Noelly
1350,Nerssès
1351,Sven
1352,Jacobsen
1353,Turhan
1354,Marica
1355,Wladimir
1356,Cäcilia
1357,Georgina
1358,Dieter
1359,Egidio
1360,Clotilde
1361,Niculae
1362,Eda
1363,Lilian
1364,Aniello
1365,Gorjana
1366,Phyllis
1367,Colin
1368,Ferdinand
1369,Sophie-Laurence
1370,Carol
1371,Flora
1372,Frank
1373,Mathäus
1374,Aurelio
1375,Andreas
1376,Augustine
1377,Heidy
1378,Rosmarie
1379,Irmgard
1380,Josephine
1381,Liviana
1382,Veneranda
1383,Sidiki
1384,Sofie
1385,Linda
1386,Sylvester
1387,Muriel
1388,Tilde
1389,Vilna
1390,Stenio
1391,Oskar
1392,Clayton
1393,Dayvon
1394,Inge
1395,Katarina
1396,Franse
1397,Véronique
1398,Paulus
1399,Blaise-Alain
1400,Marc-Olivier
1401,Réjane
1402,Cesira
1403,Leo
1404,Gottfried
1405,Susanna
1406,Vérène
1407,Hilde
1408,Romène
1409,Nadine
1410,Muguette
1411,Bjarnhild
1412,Rinske
1413,Ulderica
1414,Enrichetto
1415,Romeo
1416,Dolly
1417,Stephan
1418,Sandrine
1419,Félicie
1420,Yan
1421,Adelheid
1422,Eros
1423,Celestina
1424,Françoise-Catherine-Olga
1425,Donato
1426,Beatrix
1427,Stefania
1428,Hans-Jürgen
1429,Gretli
1430,Hubert
1431,Irmgart
1432,Lisa
1433,Etienne
1434,Alwina
1435,Pius
1436,Ilde
1437,Dimma
1438,Melissa
1439,Corradino
1440,Giancarlo
1441,Montserrat
1442,Colombe
1443,Jeanine
1444,Prowidenza
1445,Suu
1446,Myriam
1447,Maxime
1448,Chedra
1449,Georg
1450,Eugenio
1451,Claudina
1452,Marcellino
1453,Rosina
1454,Francescantonio
1455,Mady
1456,Yann
1457,Ruza
1458,Mariam
1459,Armand-Charles
1460,Hildegarda
1461,Lydie
1462,Francesca
1463,Urszula
1464,Lia
1465,Moritz
1466,Marie-Therese
1467,Virginia
1468,Minnie
1469,Lionel
1470,Anna-Maria
1471,Sorour
1472,Micaela
1473,Veronica
1474,Moira
1475,Albin
1476,Lotti
1477,Pramila
1478,Maya
1479,Inès
1480,Honorine
1481,Léopold
1482,Eveline
1483,Roméo
1484,Célina
1485,Alphonse
1486,Glayds
1487,Lorenza
1488,Cabdi
1489,Jacky
1490,Barbe
1491,Ramon
1492,Daniela
1493,Jutta
1494,Syviane
1495,Ramond
1496,Heribert
1497,Mella
1498,Angelino
1499,Amédée
1500,Albina
1501,Ennio
1502,Nicolette
1503,James-Merry
1504,Fabrice
1505,Tindaro
1506,Veneda
1507,Teodoro
1508,Harry
1509,Ottavio
1510,Elsy
1511,Casilda
1512,Nevenka
1513,Norma
1514,João
1515,Petros
1516,Martina
1517,Jésus
1518,Corrado
1519,Benno
1520,Carl
1521,Helga
1522,Ricardo
1523,Giustina
1524,Carlos
1525,Humberto
1526,Victoriano
1527,Chucri
1528,Belisario
1529,Enzo
1530,Nicoletta
1531,Sylvianne
1532,Seconda
1533,Girolamo
1534,Katty
1535,Fioravante
1536,Angelica
1537,Fiorella
1538,Santiago
1539,Tung
1540,Thi
1541,Alfonso
1542,Annunziato
1543,Levent
1544,Concepción
1545,Jessica
1546,Paola
1547,Ivaneide
1548,Giacobbe
1549,Ghislaine
1550,Lucio
1551,Damiano
1552,Constantino
1553,Willemina
1554,Anasthasie
1555,Mircea
1556,Luz
1557,Esterlita
1558,Evan
1559,Tiziana
1560,Katya
1561,Svante
1562,Erik
1563,Sevda
1564,Domingos
1565,Junilha
1566,Arduino
1567,Ausilia
1568,Gumersindo
1569,Canisia
1570,Candida
1571,Deolinda
1572,Yvon
1573,Timothy
1574,Giacomina
1575,Nicolò
1576,Salvino
1577,Elisabetta
1578,Moana
1579,Sebastiana
1580,Jorge-Juan
1581,Andres
1582,Bibiana
1583,Maria-Balbina
1584,Kosana
1585,Wladimiro
1586,Julie
1587,Annunziata
1588,Isaac
1589,Libera
1590,Benvenita
1591,Carmélite
1592,Frances
1593,Hannelore
1594,Guglielma
1595,Brita
1596,Léontine
1597,Ljubica
1598,Ugo
1599,Celedonio
1600,Giannino
1601,Marcello
1602,Donja
1603,Victorine
1604,Amelia
1605,Antonina
1606,Sigfrido
1607,Agrippina
1608,Placido
1609,Magali
1610,Signorette
1611,Daphné
1612,Thémis
1613,Giuseppina
1614,Angnès
1615,Luís
1616,Bogdan
1617,Ninon
1618,Félix
1619,Abbondanza
1620,Palmira
1621,Patrizio
1622,Angélique
1623,Mimi
1624,Carolina
1625,Carmilena
1626,Anacleta
1627,Alessandro
1628,Momodou
1629,Rémi
1630,Haskell
1631,Yilmaz
1632,Ewa
1633,Ruzica
1634,Eraldo
1635,Nelta
1636,Mauro
1637,Marietta
1638,Fedele
1639,Renzo
1640,Tomás
1641,Chaba
1642,Luigina
1643,Settimo
1644,Elda
1645,Mariella
1646,Marie-José
1647,Fabrizio
1648,Baptiste
1649,Angelique
1650,Céleste
1651,Liana
1652,Piera
1653,Abramino
1654,Hamed
1655,Marysa
1656,Ester
1657,Ataollah
1658,Marguarete
1659,Anwar
1660,Arounni
1661,Kathryn
1662,Natahlie
1663,Iwanka
1664,Denys
1665,Hildegard
1666,Eloise
1667,Cynthia
1668,Suzie
1669,Annamarie
1670,Monserrate
1671,Alicie
1672,Odille
1673,Chan
1674,Hira
1675,Hendrika
1676,Jeannette
1677,Aimée
1678,Raimond
1679,Rose-Marie
1680,Fredi
1681,Nadège
1682,Generosa
1683,Elma
1684,Feigna
1685,Valchiria
1686,Frénie
1687,Evarista
1688,Josy
1689,Josephe
1690,Annita
1691,Ernestine
1692,Corine
1693,Armida
1694,Albertina
1695,Joffrey
1696,Swan
1697,Jingfang
1698,Ramdan
1699,Théodore
1700,Donald
1701,Krikor-Souren
1702,Ridha
1703,Margrith
1704,Georgi
1705,Beryl
1706,Angeline
1707,Yamilé
1708,Wather
1709,Gerbert
1710,Alphonsine
1711,Marilla
1712,Anselmina
1713,Santino
1714,Curzio
1715,Thea
1716,Iyad
1717,Garry
1718,Mikheil
1719,Giacomo
1720,Osanna
1721,Viorica
1722,Ki-Whan
1723,Jean-Joseph
1724,Marc-Antoine
1725,Myong
1726,Oliva
1727,Idelette
1728,Orfa
1729,Jenne
1730,Renate
1731,Sa-Ngiamsri
1732,Sóren
1733,Orphée
1734,Giselle
1735,Delfin
1736,Alois
1737,Sue-Kiuen
1738,Collette
1739,Leonid
1740,Orville
1741,Maria-Teodora
1742,Teresina
1743,Armando
1744,Ave
1745,Rosario
1746,Mile
1747,Tatjana
1748,Pascale
1749,Vasilichia
1750,Stella
1751,Çetin
1752,Danielo
1753,Silvana
1754,Maxamed
1755,Zoé
1756,Alejandrina
1757,Marie-France
1758,Tommaso
1759,Gina
1760,Bryan
1761,Asuncion
1762,Louis-Grégoire
1763,Elsbet
1764,Mary-France
1765,Alkis
1766,Gallicia
1767,Raphaël
1768,Sandy
1769,Severina
1770,Myssia
1771,Luisella
1772,Dorli
1773,Carine
1774,Orazio
1775,Santa
1776,Rino
1777,Véra
1778,Joëlle
1779,Leny
1780,Clément
1781,Aronne
1782,Jaacov-Fouad
1783,Aharon
1784,Sarine
1785,Fadina
1786,Nikola
1787,Amedeo
1788,Hamza
1789,Biagio
1790,Solidea
1791,Maria-Victoria
1792,Jose-Miguel
1793,Zenone
1794,Bertilla
1795,Ermenegildo
1796,Isabel
1797,Diego
1798,Philip
1799,Stanislas
1800,Guidon
1801,Eivor
1802,Antonella
1803,Nidia
1804,Antonie
1805,Valentino
1806,Franceso
1807,Wulf
1808,Nunziata
1809,Wolfgang
1810,Vlad-Tudor
1811,Delfim
1812,Pierre-Michel
1813,Americo
1814,Isidora
1815,Armanda
1816,Atilio
1817,Alida
1818,Alexandrine
1819,Alba
1820,Jeannie
1821,Timea
1822,Elide
1823,Ertan
1824,Marcellina
1825,Constance
1826,Perrine
1827,Talia
1828,Lorly
1829,Gino
1830,Cosimo
1831,Jakie
1832,Therese
1833,Chiara
1834,Lanfranco
1835,Ascanio
1836,Ilinca
1837,Aymon
1838,Reynald
1839,Cosima
1840,Costantino
1841,Inacia
1842,Arnaldo
1843,Jemima
1844,Zulmira
1845,Eli
1846,Addolorata
1847,Natala
1848,Ninette
1849,Irénée
1850,Gloria
1851,Valentin
1852,Reynold
1853,Heidemarie
1854,Salome
1855,Fatou
1856,Haoua
1857,Clairette
1858,Grasioza
1859,Claude-André
1860,Leslie
1861,Jeremiah
1862,Geraldine
1863,Ynès
1864,Désiré
1865,Bernhardine
1866,Encarnacion
1867,Benilde
1868,Guillaume
1869,Pierre-Alain
1870,Edoardo
1871,Ermano
1872,Faïka
1873,Philomène
1874,Constant
1875,Jean-Raymond
1876,Elmer
1877,Flor
1878,Sigismond
1879,Gyoprár
1880,Diony
1881,Pierre-Louis
1882,Alcino
1883,Douglas
1884,Vasco
1885,Margreth
1886,Don
1887,Malcolm
1888,Rosine
1889,Basilio
1890,Alexandru
1891,Miodrag
1892,Helgard
1893,Cecilia
1894,Alfia
1895,Emidio
1896,Sérgio
1897,Raouda
1898,Guilherme
1899,Avelino
1900,Marcelo
1901,Marília
1902,Álvaro
1903,Jacinta
1904,Alzira
1905,Henrique
1906,Amalia
1907,Zenith
1908,Diasonama
1909,Florindo
1910,Vitoria
1911,Abilio
1912,Ramiro
1913,Tiago
1914,Arsénio
1915,Arary
1916,Aïcha
1917,Sidonie
1918,Vanna
1919,Hüseyin
1920,Mardoche
1921,Frédérique
1922,Lakhdar
1923,Christel
1924,Else
1925,Farihan
1926,Natalino
1927,Anders
1928,Melinda
1929,Benvenuto
1930,Stephen
1931,Rosemarie
1932,Henrik
1933,Fortuné
1934,Giuditta
1935,Ange
1936,Quoc
1937,Waltraud
1938,Bernhard
1939,Herbert
1940,Abdelhak
1941,Nassim
1942,Mathilda
1943,Bela
1944,Lua
1945,Xhemajl
1946,Otgonbayar
1947,Erminio
1948,Ilse
1949,Adrian
1950,Virgiliu-Aurel
1951,Ludmila
1952,Lhonde-Line
1953,Rosalinda
1954,Milorad
1955,Joshua
1956,Hrayr
1957,Daw
1958,Eladio
1959,Zelma
1960,Genoveffa
1961,Adelchi
1962,Amândio
1963,Zoildes
1964,Paulo
1965,Marie-Laurence
1966,Luciana
1967,Ermida
1968,Edy
1969,Aida
1970,Marianna
1971,Serafino
1972,Fernanda
1973,Mose'
1974,Ellida
1975,Ruy
1976,Sofia
1977,Gaetano
1978,Marie-Eve
1979,Laureano
1980,Francelina
1981,Clairemonde
1982,Cameron
1983,Melike
1984,Joaquin
1985,Maricelsa
1986,Ettice
1987,Leonetto
1988,Yolaine
1989,Leandina
1990,Nicandra
1991,Cesar
1992,Elaine
1993,Silvestro
1994,Lindolfo
1995,Bienvenido
1996,Immacolata
1997,Olek
1998,Gustavo
1999,Zakaria
2000,Celsio
2001,Edgardo
2002,Marthy
2003,Amaury
2004,Romano
2005,Gregorio
2006,Gracinda
2007,Carmine
2008,Danilo
2009,Raffaella
2010,Kenneth
2011,Antony
2012,Fredrik
2013,Eglantine
2014,Lili
2015,Jean-Calude
2016,Anahit
2017,Percival
2018,Hercule
2019,Claudy
2020,Nelli
2021,Danuta
2022,Carolus
2023,Elio
2024,Erica
2025,Myrielle
2026,Anaïs
2027,Meinrad
2028,Violetta
2029,Miguela
2030,Raimundo
2031,Natalia
2032,Ljiljana-Sonja
2033,Katerin
2034,Orida
2035,Josepha
2036,Riccardo
2037,Orsola
2038,Houria
2039,Ubaldo
2040,Aloïs
2041,Suzette
2042,Orlando
2043,Jaques
2044,Mark
2045,Sevdije
2046,Bénigne
2047,Annick
2048,Ismet
2049,Annegret
2050,Elyane
2051,Clady
2052,Helen
2053,Janie
2054,Arun
2055,Sergueï
2056,Mélanie
2057,Skender
2058,Arife
2059,Janik
2060,Hugues
2061,Lionnel
2062,Shefkije
2063,Fahrije
2064,Erick
2065,Suzye
2066,Thérése
2067,Roch
2068,Jean-Noël
2069,Augustin
2070,Donatienne
2071,Timothe
2072,Marie-Magdeleine
2073,Evanthia
2074,Reymond
2075,Franceline
2076,Donat
2077,Marguerita
2078,Getachew
2079,Edgarte
2080,Myriane
2081,Victoire
2082,Laurens
2083,Amand
2084,Farzad
2085,Halimo
2086,Mariano
2087,Decelia
2088,Crocefissa
2089,Dolorès
2090,Lucrezia
2091,Alfio
2092,Attanasio
2093,Lyne
2094,Mattea
2095,Baldina
2096,Fiorentina
2097,Flossette
2098,Gerda
2099,Dialy
2100,Lansana
2101,César
2102,Jérôme
2103,Demétrio
2104,Djibril
2105,José-Octavio
2106,Dylan
2107,Josephina
2108,Keith
2109,Malvina
2110,Amadou
2111,Fortunato
2112,A
2113,Hendril
2114,Ellona
2115,Rosemonde
2116,Anica
2117,Walda
2118,Petar
2119,Todor
2120,Momir
2121,Code
2122,Ulysse
2123,Piran
2124,Juliana
2125,Dengo
2126,Massoud
2127,Aram
2128,Simine
2129,Sabih
2130,Christelle
2131,Zouwéba
2132,Adérito
2133,Hung
2134,Van
2135,Dinh
2136,Donate
2137,Svetlana
2138,Roswitha
2139,Katsumi
2140,Alejo
2141,Nieves
2142,Elterio
2143,Celestino
2144,Dorise
2145,Jakob
2146,Mafalda
2147,Jean-Robert
2148,Leonilde
2149,Clauvides
2150,Rui
2151,Serafim
2152,Mário
2153,Agostinho
2154,Rafik
2155,Lioubov
2156,Ilona
2157,Minou
2158,Léna
2159,Ioan
2160,Anthony
2161,Serguei
2162,Judy
2163,Barthélemy
2164,Maéva
2165,Carlotte
2166,Diogo
2167,Theodor
2168,Marie-Nöelle
2169,Michel-Henri
2170,Santina
2171,Bozena
2172,Clairmonde
2173,Rosanne
2174,Georgine
2175,Sylvette
2176,Tamara
2177,Caleb
2178,Rogelia
2179,Georgia
2180,Hennie
2181,Cyril
2182,Gail
2183,Gheza
2184,Gil
2185,Gita
2186,Astride
2187,Amabile
2188,Rejane
2189,Idilia
2190,Elvina
2191,Lionel-Stéphane
2192,Cora
2193,Damien
2194,Camus
2195,Gracieuse
2196,Nahida
2197,Zlatimir
2198,Thomsa
2199,Aloys
2200,Blaise
2201,Katherine
2202,Léo
2203,Jonathan
2204,Pierre-Marin
2205,Giulietta
2206,Katia
2207,Lai-Ngar
2208,Moincharifou
2209,MarieThérèse
2210,Tima
2211,Visitacion
2212,Edelmiro
2213,Harold
2214,Ania
2215,Cosmo
2216,Alfonsa
2217,Gustav
2218,Ballestieri
2219,Fridolin
2220,Khadija
2221,Altelina
2222,Susy
2223,Constanta
2224,Paraskevi
2225,Panayota
2226,Magtelt
2227,Jaroslav
2228,Mayer
2229,Haris
2230,Marcial
2231,Gertraud
2232,Othmar
2233,Harris
2234,Apostol-Constantin
2235,Fréderic
2236,Salomon
2237,Curt
2238,Brian
2239,Burkhard
2240,Ludwig
2241,Marinette
2242,Filomene
2243,Ersilia
2244,Jean-Jaques
2245,Vanda
2246,Rudi
2247,Carole
2248,Marlene
2249,Maud
2250,Coline
2251,Marzellus
2252,Urs
2253,Imane
2254,Najia
2255,Baba
2256,Fadel
2257,Mourad
2258,Sireen
2259,Osman
2260,Pierre-Michaël
2261,Hassan
2262,Souâd
2263,Ioulia
2264,Abdel
2265,Laila
2266,Abd
2267,Liljana
2268,Stelios
2269,Jan
2270,Magdi
2271,Diana
2272,Basile
2273,Karla
2274,Jaafar
2275,Elisabetha
2276,Dilan
2277,Kévork
2278,Khayrollah
2279,Franz
2280,Rainer
2281,Gaspard
2282,Guy-Noël
2283,Nora
2284,Pâquerette
2285,Moïsette
2286,Nellie
2287,Naima
2288,Marlies
2289,Judit
2290,Ralf
2291,Zeynep
2292,Oya
2293,Liv
2294,Hartmut
2295,Vsevolod
2296,Prisca
2297,Burcu
2298,Oemer
2299,Myrthe
2300,Sarina
2301,Rosa-Maria
2302,Shapour
2303,Felisbela
2304,Liselotte
2305,Hyacinthe
2306,Dilbarre
2307,Beni
2308,Camille-Alfred
2309,Molly
2310,Diederik
2311,Iside
2312,Guerino
2313,Soad
2314,Beat
2315,Lahoussine
2316,Nina
2317,Mieczyslaw
2318,Bandègne
2319,Derakhshandeh
2320,Waltraut
2321,Milad
2322,Gebremariam
2323,Teodolinda
2324,Nirawanti
2325,Anselme
2326,Andreina
2327,Janos
2328,Nouhad
2329,Dani
2330,Tamas
2331,Ferencz
2332,Nahide
2333,Clémentine
2334,Suzane
2335,Manoutchehr
2336,Jahantab
2337,Célestine
2338,Savina
2339,Rosana
2340,Shahriar
2341,Vreneli
2342,Pasqualina
2343,Arsène
2344,Marie-Madelaine
2345,Esterina
2346,Maryline
2347,Priscillia
2348,Vassiliki
2349,Marie-Rose
2350,Edite
2351,Kapila
2352,Appollonia
2353,Djidiack
2354,Hedayat
2355,Ibraim
2356,Afomia
2357,Woynitu
2358,Iginia
2359,Théodor
2360,Rukije
2361,Fevzi
2362,Jerry
2363,Andrée-Marie
2364,Ippazio
2365,Nandor
2366,Dario
2367,Loris
2368,Nico
2369,Zulema
2370,Octavio
2371,Roque
2372,Benta
2373,Celia
2374,Hilario
2375,Corsino
2376,Maria-Elsa
2377,Pastora
2378,Beatriz
2379,Lelia
2380,Salvatrice
2381,Quirino
2382,Dominique-Isabelle
2383,Adão
2384,Leticia
2385,Licinia
2386,Olimpio
2387,Adelino
2388,Hortensia
2389,Maximino
2390,Constantin
2391,Norina
2392,Nicolina
2393,Hanny
2394,Marinella
2395,Italia
2396,Eliette
2397,Karel
2398,Marta
2399,José-Francisco
2400,Borislav
2401,Bessie
2402,Zsofia
2403,Pierre-Yves
2404,Juliette-Marie
2405,Gimmy
2406,Hemideh
2407,Adeildo
2408,Melania
2409,Deanna
2410,Mariangela
2411,Aaron
2412,Huberte
2413,Ferdinanda
2414,Joana
2415,Gloria-Esperanza
2416,Alejandro
2417,Mihail
2418,Germano
2419,Benvenuta
2420,Bonacata
2421,Vassilios
2422,Eric-Georges
2423,Hanspeter
2424,Oresto
2425,Savio
2426,Carmina
2427,Soumaya
2428,Césarine
2429,Giovannina
2430,Buenaventura
2431,Karine
2432,Geremia
2433,Onelia
2434,Justin
2435,Vittoria
2436,Angiolino
2437,Ming
2438,Margarete
2439,Jean-Christophe
2440,Harald
2441,Mofor
2442,Hellé
2443,Irenia
2444,Secondo
2445,Christa
2446,Anna-Rita
2447,Lotty
2448,Gislaine
2449,Alban
2450,Jean-Baptiste
2451,Berouch
2452,Justo
2453,Francisca
2454,Laurette
2455,Quadrio
2456,Hélèna
2457,Graziano
2458,Nicky
2459,Dorian
2460,Helmut
2461,Erhard
2462,Jason
2463,Annamaria
2464,Radovan
2465,Loïc
2466,Eustaquia
2467,Wisler
2468,Mark-Adrian
2469,Manfred
2470,Michelina
2471,Romolo
2472,Sigrid
2473,Selma
2474,Regla
2475,Otty
2476,Jarmila
2477,Dorotea
2478,Julius
2479,Rosaluisa
2480,Jeanette
2481,Martin
2482,Théodora
2483,Zdenka
2484,Frantisek
2485,Peter-Michael
2486,Friederike
2487,Fede
2488,Kim
2489,Tiziano
2490,Elmina
2491,Argentina
2492,Maryet
2493,Rezan
2494,Furio
2495,Hagob
2496,Monica
2497,Mathieu
2498,Dmitry
2499,Azzedine
2500,Violaine
2501,Chloé
2502,Irène-Fernande
2503,Maria-Joaquina
2504,Felicina
2505,Argine
2506,Darinko
2507,Dorino
2508,Gianluca
2509,Elvio
2510,Imelda
2511,Walis
2512,Blanche-Marie
2513,Consolato
2514,Edetil
2515,Javier
2516,Nicholas
2517,Nahaliel
2518,Joschua
2519,Felisa
2520,Marise
2521,Fulvio
2522,Fiorina
2523,Georgeta
2524,Amédéo
2525,Ariel
2526,Samy
2527,Andranik
2528,Yannick
2529,Araxi
2530,Morris
2531,Naceur
2532,German
2533,Guillermo
2534,Naïma
2535,Narciso
2536,Angustias
2537,Ascension
2538,Jacinto
2539,Nilzete
2540,Julio
2541,Leonel
2542,María
2543,Cirilo
2544,Filoména
2545,Mahmoud
2546,Gian-Carlo
2547,Moghamed
2548,Florentino
2549,Arsim
2550,Avdyl
2551,Galiya
2552,Ziéd
2553,Triestina
2554,Vassil
2555,Berthold
2556,Roma
2557,Enrica
2558,Jürger
2559,Acsanna
2560,Graziana
2561,Dorota
2562,Selamawit
2563,Abdelaziz
2564,Mulu-Andemariam
2565,sans
2566,Noella
2567,Pacifique
2568,Marie-Madeleine
2569,Honoré
2570,Delia
2571,Gertraut
2572,Nelio
2573,Alfiero
2574,Ercolina
2575,Clarisse
2576,Hélène-Marcelle
2577,Marc-Roger
2578,Giuseppantonio
2579,Lucas
2580,Udrea-Bogdan
2581,Gabriella-Stefania
2582,Valerie
2583,Haciasaf
2584,Eleuterio
2585,Anom
2586,Valeyrie
2587,Wally
2588,Nasrollah
2589,Hojjatollah
2590,Neal
2591,Sidarus
2592,Abolghasem
2593,Teclai
2594,Sabiha
2595,Eglandina
2596,Farid
2597,Aberra
2598,Gisella
2599,Dante
2600,Osvaldo
2601,Carola
2602,Lali
2603,Fosca
2604,Elido
2605,Marion
2606,Gladis
2607,Gursarandas
2608,Vilma
2609,Dona
2610,Romeu
2611,José-Luis
2612,Kléber
2613,Cándido
2614,Andy
2615,Maqbool
2616,Aïda
2617,Celesta
2618,Domingo
2619,Inga
2620,Roseline
2621,Stephane
2622,Gianluigi
2623,Alberico
2624,Ellis
2625,Harriet
2626,Rudy
2627,Arturo
2628,Graciela
2629,Justa
2630,Hermina
2631,Evald
2632,Andréa
2633,Ljiljana
2634,Lyliane
2635,Paloma
2636,Magdeleine
2637,Luce
2638,Edward
2639,Bente
2640,Godella
2641,Karl-Otto
2642,Anie
2643,Akéla
2644,Jozef
2645,Louisella
2646,Noëla
2647,Óscar
2648,Angélica
2649,Josefina
2650,Primitivo
2651,Julián
2652,Helder
2653,Anabela
2654,Attila
2655,Valéria
2656,Anastasia
2657,Seray
2658,Nelson
2659,Pamela
2660,Bautista
2661,Argimiro
2662,Argimirio
2663,Catalina
2664,Agustina
2665,Kent
2666,Irngard
2667,Klemenz
2668,Sacir
2669,Florange
2670,Térèse
2671,Miller
2672,Aurora
2673,Greti
2674,Muharem
2675,Kysina
2676,Tristan
2677,Hans-Peter
2678,Dorothea
2679,Iasbelle
2680,Smaragda
2681,Souhir
2682,Juliane
2683,Zora
2684,Rösli
2685,Maria-Concepcion
2686,Ebrahim
2687,Angelina
2688,Cedric
2689,Giacinto
2690,Felice
2691,Mustafa
2692,Ale
2693,Hanka
2694,Derek
2695,Jeremy
2696,Marie-Hélène
2697,Janez
2698,Krista
2699,Kruno
2700,Bigia
2701,Anna-Jetta
2702,Jytte
2703,Ripdaman
2704,Immaculée
2705,Lilly
2706,Mahvash
2707,Christoph
2708,Stoyanka
2709,Rebecca
2710,Randa
2711,Vicenzo
2712,Léonce
2713,Arsilia
2714,Edilton
2715,Renaldo
2716,Bridget
2717,Sophia
2718,Théo
2719,Edia
2720,Camillo
2721,Roger-Bernard
2722,Berthrand
2723,Rudolph
2724,Marine
2725,Noémie
2726,Valentina
2727,Tianhong
2728,Ana-Maria
2729,Gerardina
2730,Itala
2731,Fidelma
2732,Numa
2733,Léandre
2734,Frumence
2735,Sebastiano
2736,Méril
2737,Alexy
2738,Roselyne
2739,Magdolna
2740,Fédora
2741,Gritli
2742,Soledad
2743,Elba
2744,Bruniquilda
2745,Pernette
2746,Palmire
2747,Verica
2748,Ketty
2749,Elise-Bertha
2750,Hammadi
2751,Luzia
2752,Tevfik
2753,Annaratnam
2754,Sunil
2755,Lisette-Marguerite
2756,Pattu
2757,Irina
2758,Ingeburg
2759,Sanela
2760,Florentin
2761,Leah
2762,Theophil
2763,Birsen
2764,Jean-Piere
2765,Hannah
2766,Matthieu
2767,Félice
2768,Briita
2769,Husein
2770,Lies
2771,Tamer
2772,Lars
2773,Britta
2774,Hagop
2775,Günther
2776,Valencie
2777,Fodé
2778,Tewelde
2779,Sumon
2780,Kasum
2781,Zakia
2782,Youssef
2783,Sami
2784,Bislim
2785,Elie
2786,Scarlett
2787,Franc
2788,Marie-Lise
2789,Audrey
2790,Idriz
2791,Elian
2792,Noémi
2793,Llirid
2794,Hamit
2795,Musli
2796,Gheorghe
2797,Glenn
2798,Karin-Helga
2799,Zaleil
2800,Octavie
2801,Silena
2802,Emanuele
2803,Mickaël
2804,Brewster
2805,Safwan
2806,Wilhelmine
2807,Per-Einar
2808,Günter
2809,Siham
2810,Jayme
2811,Samar
2812,Mechthild
2813,Annelore
2814,Nouhat
2815,Alfreda
2816,Freydoun
2817,Gotthilf
2818,Elek
2819,gilbert
2820,Yasmina
2821,Grietje
2822,Margerite
2823,Néji
2824,Meglena
2825,Erda
2826,Melva
2827,Hormoz
2828,Liane
2829,Gudrun
2830,Jean-Maurice
2831,Michel-Jean
2832,Wolf-Dieter
2833,Anneliesse
2834,Felicia
2835,Bernt
2836,Melita
2837,Geltrude
2838,Rowland
2839,Kilian
2840,Editta
2841,Hans-Wolfgang
2842,Leandro
2843,Micheal
2844,Estyn
2845,Ginnette
2846,Federico
2847,Rodrigo
2848,Homero
2849,Hayim
2850,Raul
2851,Lore
2852,Fleurange
2853,Louis-Antoine
2854,Rebekka
2855,Freweni
2856,Denièle
2857,Christian-Marc
2858,Khemissi
2859,Amira
2860,Howard
2861,Erdogan
2862,Lisi
2863,Suzanna
2864,Jakub
2865,Dac
2866,Trong
2867,Minh
2868,József
2869,Raynald
2870,Thony
2871,Traugott
2872,Hadwig
2873,Joachim
2874,Anne-Claire
2875,Erice
2876,Calvin
2877,Leonor
2878,Viktor
2879,Daryoush
2880,Nourangiz
2881,Homa
2882,Churchill
2883,Archie
2884,Ailsa
2885,Mikael
2886,Cristophe
2887,Teodor
2888,Dezsö
2889,Ladislav
2890,János
2891,Gizella
2892,Aranka
2893,Willam
2894,Farhangue
2895,Xénia
2896,Yassine
2897,Sarolta
2898,Iosif
2899,Safet
2900,Fejzo
2901,Gesuina
2902,Ninian
2903,Angeles
2904,Gustel
2905,Kamilla
2906,Anselma
2907,Frédy
2908,Liselott
2909,Fatka
2910,Anïa
2911,Emilie-Henriette
2912,Béatrix
2913,Gabi
2914,Dominic
2915,Mariann-Magdalena
2916,Edmonde
2917,Saliha
2918,Ewald
2919,Abdurahman
2920,Melina
2921,Said
2922,Nikolaus
2923,Anh
2924,Iride
2925,Marie-Thérès
2926,Flaviano
2927,Gianfranco
2928,Adnan
2929,Minire
2930,Gullu
2931,Valère
2932,André-Michel
2933,Léonide
2934,Begza
2935,Vania
2936,Elenka
2937,Inna
2938,Nadejda
2939,Nurije
2940,Actchara
2941,Hasan
2942,Blanca
2943,Evangelina
2944,Laszlo
2945,Dimitrios
2946,Hariklia
2947,Denisa-Silvia
2948,Teodora
2949,Dumitru
2950,Gabriela-Angela
2951,Ileana
2952,Avan
2953,Ioana-
2954,Bastien
2955,Andréas
2956,Ajrija
2957,Selvete
2958,Vaide
2959,Taibe
2960,Zylfi
2961,Etvige
2962,Chirapurath
2963,Loretta
2964,Zorka
2965,Naïda
2966,Raisa
2967,Jugoslav
2968,Milutin
2969,Beniamoni
2970,Jilani
2971,Myrelle
2972,Eulalia
2973,Ivor
2974,Gasparine
2975,Jennifer
2976,Pierre-André
2977,Jean-Christian
2978,Endre
2979,Roy
2980,Suzy
2981,Shehide
2982,Hemendra
2983,Shevget
2984,Hatidza
2985,Mária
2986,Dagny
2987,Krzysztof
2988,April
2989,Anneli
2990,Arben
2991,Nazim
2992,Drita
2993,Djezide
2994,Balázsné
2995,Tudor
2996,Jessie
2997,Malène
2998,Lilliana
2999,Matilde
3000,Jirina
3001,Marie-Ange
3002,Milenko
3003,Tarcis
3004,Anastasie
3005,Tripti
3006,Gretty
3007,Wihelm
3008,Abel
3009,Beniamino
3010,Tarla
3011,Benigna
3012,Adoracion
3013,Valeriano
3014,Aurore
3015,Agneta
3016,Abdulah
3017,Ratree
3018,Gottlieb
3019,Tijana
3020,Marie-Odette
3021,Benjamine
3022,Licia
3023,Rachael
3024,Patrik
3025,Sevasti
3026,Cathryn
3027,Emanuela
3028,Annelise
3029,Slavka
3030,Marlenis
3031,Afrodisio
3032,Candide
3033,Aurélien
3034,Reinette
3035,Wilfred
3036,Avdija
3037,Lisardo
3038,Maxim
3039,Marie-Rosine
3040,Zef
3041,Safija
3042,Jacob
3043,Thami
3044,Endri
3045,Murego
3046,Mehari
3047,Hansruedi
3048,Simonnna
3049,Kritina
3050,Ferdaous
3051,Bouchaïb
3052,Stevanija
3053,Nadeschda
3054,Sedat
3055,Beno
3056,Viktar
3057,Vadhana
3058,Kambiz
3059,Maliha
3060,Robabeh
3061,Liya
3062,Yusuf
3063,Sanza
3064,Ilias
3065,Yuliya
3066,Bejdo
3067,Mihaly
3068,Christos
3069,Polychronis
3070,Safak
3071,Aristide
3072,Lilla
3073,Gunnar
3074,Eloïse
3075,Ngoyi
3076,Nsimba
3077,Aziz
3078,Muzuse
3079,Mercédès
3080,Juzefa
3081,Abraham
3082,Ronny
3083,Renatus
3084,Perla
3085,Chand
3086,Keiko
3087,Ichiro
3088,Hayriye
3089,Shamsuzzakir
3090,Khamar
3091,Ena
3092,Aliriza
3093,Ferida
3094,Thekla
3095,Allan
3096,Charline
3097,Mariya
3098,Slavica
3099,Rachelle
3100,Mhairi
3101,Jahangir
3102,Inayat
3103,Habibollah
3104,Hussein
3105,Bio
3106,Subhi
3107,Faridé
3108,Eli-Cris
3109,Isaias
3110,Sukuma
3111,Kikwon
3112,Hayder
3113,Bende
3114,Nkumu
3115,Maha
3116,Gerd
3117,Nabil
3118,Ernö
3119,El
3120,Arvid
3121,Albrecht
3122,Lony
3123,Jiri
3124,Romaine
3125,Fadilje
3126,Brenda
3127,Nii
3128,Tilla
3129,Paraschiva
3130,Zoïa
3131,Johan
3132,Shian-Chin
3133,Jack
3134,Horst
3135,Alexandros
3136,Bärbel
3137,Ostap
3138,Zénia
3139,Spaso
3140,Ema
3141,Rozalia
3142,Gejza
3143,Bohdane
3144,Käthe
3145,Katalin
3146,Ulf
3147,Lucile
3148,Filip
3149,Hatmone
3150,Tatios
3151,Ignaz
3152,Givka
3153,Arwed
3154,Lutz
3155,Rosalinde
3156,Knud
3157,Matthias
3158,Milomir
3159,Evelin
3160,Jürg
3161,Mordechai
3162,Hevzi
3163,Zade
3164,Joanna-Helena
3165,Gregor
3166,Mirtoz
3167,Jaromir
3168,Annarösli
3169,Alvira
3170,Benedetta
3171,Ki-Chiu
3172,Jona
3173,Yoganathan
3174,Subbanose
3175,Emine
3176,Niklaus
3177,Süleyman
3178,Jean-Philippe
3179,Ignazio
3180,Pippo
3181,Xuan
3182,Tindara
3183,Hassine
3184,Octavia
3185,Christianne
3186,Abdul
3187,Krystian
3188,Dominque
3189,Carline
3190,Arturino
3191,Télémaque
3192,Graziella
3193,Nanni
3194,Malak
3195,Najib
3196,Jean-Flavien
3197,Ling-Dee
3198,Xuân
3199,Sabrina
3200,Annetta
3201,Janise
3202,Marie-Odile
3203,Claudiane
3204,Clarisé
3205,Ulpiano
3206,Armandina
3207,Eve
3208,Astrid
3209,Max-Ulrich
3210,Giordano
3211,Gabriela
3212,Bjarne
3213,Norman
3214,Romane
3215,Mikko
3216,Miroslav
3217,Abbondio
3218,Chatrina
3219,Alex
3220,Grzegorz
3221,Leila
3222,Mariucia
3223,Haqif
3224,Guéorgui
3225,Marie-Régine
3226,Nelsy
3227,Jouri
3228,Thanh
3229,Hoang
3230,Jimmy
3231,Axelle
3232,Jex
3233,Eugene
3234,Joel
3235,Jehouda
3236,Luisia
3237,Zélie
3238,Dany
3239,Dinah
3240,Egle
3241,Aglaïa
3242,Jérémy
3243,Bartolomea
3244,Ekaterina
3245,Etty
3246,Brahim
3247,Divine
3248,Tibor
3249,Rozalija
3250,Euphrasie
3251,Gebregiorgis
3252,Eugenie
3253,Estelle
3254,Ermelinda
3255,Marie-Christiane
3256,Rainier
3257,Yetta
3258,Edmondo
3259,Emilija-Elizabeta
3260,Seymour
3261,Eliza
3262,Shao
3263,Gaétan
3264,Mytilia
3265,Gazmend
3266,Edina
3267,Jelisaveta
3268,Henryk
3269,Nerses
3270,Celina
3271,Wendy
3272,Dorette
3273,Edeltraut
3274,Heike
3275,Véléda
3276,Nedi
3277,Ramona-Maria
3278,Thibaud
3279,Yung-Ko
3280,Eliseo
3281,Eleonore
3282,Orsolya
3283,Alexia
3284,Egon
3285,Lone
3286,Levan
3287,Floriant
3288,Carlita
3289,Ovidio
3290,Anselmo
3291,Ramon-Antonio
3292,Franciso
3293,Gúdula
3294,Herminia
3295,Serafin
3296,Serena
3297,Tania
3298,Bakta
3299,Trinidad
3300,Teresio
3301,Odorico
3302,Camilio
3303,Dilva
3304,Zahra
3305,Everette
3306,Briac
3307,Ermengarda
3308,Méry
3309,Anouar
3310,Nöel
3311,Rachid
3312,Alena
3313,Velitchka
3314,Noëlie
3315,Odia
3316,Mosé
3317,Quinto
3318,Spartaco
3319,Marijan
3320,Miriame
3321,Raphaëlle
3322,Guillerma
3323,Kisha
3324,Anecta
3325,Blagoje
3326,Schadrack
3327,Makasi
3328,Bernardo
3329,Kenu
3330,Antje
3331,Jean-Emile
3332,Enkhtur
3333,Dmitriy
3334,Hao
3335,Hung-Hstang
3336,Nali
3337,Paul-Joseph
3338,Danton
3339,Iuliana
3340,Rinaldo
3341,Josefine
3342,Mayunga
3343,Alison
3344,Pier
3345,Lucien-Noël
3346,Ploussia
3347,Nabila
3348,Halfdan
3349,Ebba
3350,Moustafa
3351,Ferhat
3352,Abolfath
3353,Ngoc
3354,Huu
3355,Errol
3356,Jämes
3357,Guy-Bernard
3358,Sabatino
3359,Souvie
3360,Jeanne-Marie
3361,Hamida
3362,Ritva
3363,Mafuta
3364,Mihajlo
3365,Makfire
3366,Giovambattista
3367,Dirce
3368,Kifufu
3369,Mevlide
3370,Servano
3371,Oleg
3372,Mabrouka
3373,Gareth
3374,Lionello
3375,Imelnta
3376,Mambandu
3377,Ubaldino
3378,Licena
3379,Ethan
3380,Gianni
3381,Stève
3382,Vuk
3383,Danica
3384,Radmila
3385,Naushir
3386,Luitgard
3387,Alcibiades
3388,Crystallo
3389,Hanna-Lore
3390,Leonarda
3391,Yu-Yueh
3392,Chen-Mei
3393,Nello
3394,Chritiane
3395,Minas
3396,Rosmaria
3397,François-Marc
3398,Marielle
3399,Winifred
3400,Azelio
3401,Carlo-Luccio
3402,Gregoria
3403,Zuheir
3404,Lois
3405,Corneliu
3406,Ecaterina
3407,Téo
3408,Lizon
3409,Ethelle
3410,Bujar
3411,Lenny
3412,Adela
3413,Araceli
3414,Olinda
3415,Bartolo
3416,Islem
3417,Zina
3418,Evgenia
3419,Mijo
3420,Matej
3421,Alain-Claude
3422,Marie-Jeanne
3423,Susana
3424,Isaura
3425,Ophélie
3426,Benoìt
3427,Blandine
3428,Romana
3429,Kornél
3430,Gyula
3431,Alfons
3432,Wihelmine
3433,Elliane
3434,Gordon
3435,Justina
3436,Cesarina
3437,Paolino
3438,Alberta
3439,Diane
3440,Benigno
3441,Guiomar
3442,Leoncio
3443,Nazzareno
3444,Gianpietro
3445,Amarílis
3446,Abílio
3447,Adelsia
3448,Mariana
3449,Folke
3450,Cesario
3451,Sébartien
3452,Azouz
3453,Raffaela
3454,Ghodsieh
3455,Sabina
3456,Clarence
3457,Britt
3458,Fausta
3459,Anik
3460,Hiroshi
3461,Sung
3462,Alessandra
3463,Emy
3464,Mauricette
3465,Octave
3466,Charles-Hector
3467,Doline
3468,Perle
3469,Emmanouil
3470,Eyshe
3471,Concuelo
3472,Adamir
3473,Gudron
3474,Eldina
3475,Badisasa
3476,Bueya
3477,Neil
3478,Carolyn
3479,Marie-Luce
3480,Cvetana
3481,Graça
3482,Berdj
3483,Siranoush
3484,Dick
3485,Eya
3486,Farida
3487,Camil
3488,Amrita
3489,Melvin
3490,Xaver
3491,Blanka
3492,Toni
3493,Pierrot
3494,Driss
3495,Guacolda
3496,Antonin
3497,Oldrich
3498,Hailé
3499,Virgilius
3500,Nazmi
3501,Ilia
3502,Julianna
3503,Romina
3504,Alexandrino
3505,Mostefa
3506,Ramira
3507,Pepita
3508,Natividad
3509,Mambu
3510,Medhanie
3511,Rosamonde
3512,Emerance
3513,Steluta
3514,Kamal
3515,Aracely
3516,Ahmet
3517,Jackes
3518,Yemane
3519,Abebe
3520,Aloïsia
3521,Imre
3522,Babetta
3523,Adda
3524,Remy
3525,Marceline-Adèle
3526,Istvan
3527,Zdenko
3528,Zvonko
3529,M'hammed
3530,Clairlyse-Marie
3531,"Claudine,"
3532,Silvino
3533,Eliana
3534,Luan
3535,Nerina
3536,Kylian
3537,Isidor
3538,Gert
3539,Irda
3540,Gianmarco
3541,Emmy
3542,Athemane
3543,Alexine
3544,Guglielmo
3545,Benoît
3546,Belen
3547,Waclaw
3548,Médéric
3549,Marie-Noëlle
3550,Volker
3551,Béni
3552,Marieta
3553,Maksim
3554,Karin
3555,Kumbo
3556,Shokoofeh
3557,---
3558,Najiba
3559,Milen
3560,Ives
3561,Maria-Selva
3562,Joselyne
3563,Naa-Koshie
3564,Nii-Odartey
3565,Mirjana
3566,Dragica
3567,Irek
3568,Mélina
3569,Annie-Claude
3570,Maria-Nives
3571,Alla
3572,Syuzana
3573,Nafasgol
3574,Donatino
3575,Mione
3576,Besim
3577,Safete
3578,Dara
3579,Stoyan
3580,Uliano
3581,Léona
3582,Bongiwe
3583,Annegrete
3584,Oddino
3585,Serban
3586,Canisius
3587,Abaz
3588,Iran
3589,Dariush
3590,Shamsa
3591,Haji
3592,Safa
3593,Abdulkadir
3594,Musa
3595,Warsan
3596,Halima
3597,Vatma
3598,Fathima
3599,Galado
3600,Seinulabadeen
3601,Nana
3602,Amélio
3603,Marvin
3604,Roxane
3605,Miklos
3606,Beuno
3607,Donata
3608,Humbert
3609,Duchoud
3610,Arlète
3611,Aubert
3612,Taha
3613,Nathan
3614,Scheine
3615,Alys
3616,Kathleen
3617,Mae
3618,Donatien
3619,Alonso
3620,Lucina
3621,Salvatora
3622,Felicita
3623,Hirma
3624,Marcy
3625,Mariá
3626,José-Manuel
3627,Novelia
3628,Angéline
3629,Eolo
3630,Frédérica
3631,Tersilla
3632,Nigel
3633,Frederick
3634,Leony
3635,Gui
3636,Tarcisio
3637,Idelfonso
3638,Pino
3639,Benedicta
3640,Guerrina
3641,Yves-Alain
3642,Eckhard
3643,Calude
3644,Zoubir
3645,Amin
3646,Fahmy
3647,Amram
3648,Hariette
3649,Christof
3650,Rrahime
3651,Wojciech
3652,Fédéric
3653,Trudy
3654,Hale
3655,Moh'd
3656,Yvanna
3657,Jean-Pierre-Moïse
3658,Leolda
3659,Fanette
3660,Raquel
3661,Toi
3662,Munir
3663,Feliciana
3664,Andreana
3665,Cetin
3666,Ibadet
3667,Fata
3668,Asli
3669,Manlio
3670,Lorian
3671,Grégoire
3672,Wa
3673,Gregoire
3674,Ermando
3675,Andrée-Louise
3676,Chrisnovic
3677,Barry
3678,Dionyssios
3679,Mykola
3680,Bintou
3681,Hikmat
3682,Rosy
3683,Hildebrand
3684,Milakanur
3685,Gizelle
3686,Marylène
3687,Petrus
3688,Péter
3689,Parasuraman
3690,Mahmut
3691,Lida
3692,Raimondo
3693,Nella
3694,Ramses
3695,Crescentino
3696,Carlota
3697,Abolhassan
3698,Médeni
3699,Glodi
3700,Eliot
3701,Tesfai
3702,Dov
3703,Fayçal
3704,Gilvie
3705,Giannina
3706,Leonora
3707,Siriphorn
3708,Frederic
3709,Hamish
3710,Ruzena
3711,Wah
3712,Huu-Tru
3713,Vinh-Khang
3714,Bich
3715,Canh
3716,Elinor
3717,Barbera
3718,Odd
3719,Marie-Philomène
3720,Suzanne-Lydia-Eva
3721,Gillys
3722,Ebru
3723,Mariantonia
3724,Jevrem
3725,Gradimir
3726,Krishna
3727,Rrushe
3728,Ibano
3729,Maraísa
3730,Nazifa
3731,Yrène
3732,Leopardo
3733,Pieter
3734,Noële
3735,Lieselotte
3736,Mamdouh
3737,Libuse
3738,Jovan
3739,Jacoba
3740,Uropb
3741,Toedtli
3742,Thaddee
3743,Jacobo
3744,Hesat
3745,Mateus
3746,Sidónio
3747,Patricia-Georgette
3748,Alexina
3749,Fiona
3750,Nozima
3751,Dragan
3752,Luca
3753,Aemilia
3754,Emeka
3755,Dorith
3756,Yildiz
3757,Ary-Hagop-Edouard-Papken
3758,Lidiscia
3759,Yenny
3760,Ilyan
3761,Line
3762,Pierre-Marie
3763,Nijaz
3764,Yehia
3765,Bakr
3766,Halil
3767,Mevlida
3768,Prince
3769,Neva
3770,Feza
3771,Servando
3772,Modesta
3773,Estela
3774,Ian
3775,Blas
3776,Mehemed
3777,Hartwig
3778,Zivarkhanom
3779,Théophile
3780,Jannik
3781,Lourdes
3782,Lise-Marguerite-Edmée
3783,Nefissa
3784,Lilette
3785,Göran
3786,Nélie
3787,Abdelkrim
3788,Eralp
3789,Sevim
3790,Avni
3791,Anastassios
3792,Jocelin
3793,Cyprien
3794,Zoltan
3795,Michelino
3796,Eftekhar
3797,Yves-François
3798,Roxanne
3799,Aristobulo
3800,Rajindar
3801,Stanislaw
3802,Brigida
3803,Soghra
3804,Marcelin
3805,Antonello
3806,Haritina
3807,Jean-Dominique
3808,Kitcha
3809,Sandrina
3810,Sudhir
3811,Prapa
3812,Jovo
3813,Elvezia
3814,Antonetta
3815,Georgios
3816,Maija
3817,Omero
3818,Nikolaos
3819,Yola
3820,Ferruccio
3821,Kaliopi
3822,Halidou
3823,Rosilio
3824,Soli
3825,Blanche-Thérèse
3826,Chedli
3827,Ermanna
3828,Elliot
3829,Sylvestre
3830,Sitalakshmi
3831,Melanie
3832,Wilma
3833,Daniel-Henri
3834,Lena
3835,Feriya
3836,Thibault
3837,Sari
3838,Léonne
3839,Malko
3840,Satkuneswary
3841,Alvaro
3842,Bojidar
3843,Béla
3844,Geoges
3845,Urbano
3846,Remigio
3847,Olindo
3848,Dionigi
3849,Cinzia
3850,Reymonde
3851,Castor
3852,Laurettte
3853,Ross
3854,Felisberto
3855,Liyanage
3856,Sita
3857,Pathmasany
3858,Tomas
3859,Cipriano
3860,Rachèle
3861,Efren
3862,Florio
3863,Hilaire
3864,Rose-Lucie
3865,Maneerat
3866,Geogres
3867,Clovis
3868,Joanna
3869,Hellène
3870,Lucilla
3871,Obertila
3872,Berhte
3873,Mirtha
3874,Viktorine
3875,Norah
3876,Synèse
3877,Justine
3878,Maria-Marceline
3879,Marie-Chantal
3880,Ulfo
3881,Jayne
3882,Ximena
3883,Janic
3884,Nenad
3885,Nikolaj
3886,Nadiia
3887,Lerna
3888,Maryvonne
3889,Arunee
3890,Ludwika
3891,Frédérich
3892,Jon
3893,Manon
3894,Phuc
3895,Thong
3896,Pelagia
3897,Vartouhi
3898,Ilario
3899,Chiarina
3900,Davide
3901,Neith
3902,Ferdinando
3903,Ademaro
3904,Théau
3905,Charles-Henri
3906,Penda
3907,Dorothée
3908,Padmanabha
3909,Nanikutty
3910,Louis-Marc
3911,Yva
3912,Haim
3913,Barosa
3914,Johana
3915,Sergia
3916,Dionísio
3917,Gervasia
3918,Hajrija
3919,Vladimiro
3920,Pervenche
3921,Héric
3922,Andrés
3923,Heide
3924,Elodie
3925,Alberto-Secondo
3926,Michela
3927,Raimonda
3928,Ratko
3929,Rosemay
3930,Onno
3931,Václav
3932,Jusuf
3933,Letizia
3934,Jürgen
3935,Haimo
3936,Conchita
3937,Pararasa
3938,Markandu
3939,Miron-Vlad
3940,Cristian-Ovidiu
3941,Boban
3942,Sanyogeeta
3943,Felipe
3944,Charles-André
3945,Esper
3946,Giampiero
3947,Neige
3948,Andrei
3949,Cornélia
3950,Josipa
3951,Hanns
3952,Rolland
3953,Narcizas
3954,Maximina
3955,Onesta
3956,Tilka
3957,Marie-Virginie
3958,Agatha
3959,Nazzarena
3960,Panayotis
3961,Piero
3962,Buarieo
3963,Vita
3964,Francine-Simone
3965,Amandine
3966,Rocchina
3967,Andrée-Elise-Süsy
3968,Lam
3969,Ky-Schook
3970,Aolo
3971,Didar
3972,Malka
3973,Stéfane
3974,Maurus
3975,Hinda
3976,Teddy
3977,Vasile
3978,Nadezda
3979,Constantina
3980,Du
3981,Tayebeh
3982,Ólafur
3983,Zouheir
3984,Rashida
3985,Nour-Eddine
3986,Rosie
3987,Fulvia
3988,Azrudin
3989,Andry
3990,Bhaskar
3991,Yamna
3992,Sacha
3993,Basia
3994,Selvaranjini
3995,Alice-Clara
3996,Mehry
3997,Chahrokh
3998,Aleksander
3999,Augustus
4000,Ntsalama
4001,Andalib
4002,Gabina
4003,Fabbio
4004,Mahesh
4005,Grégorio
4006,Israël
4007,Konstantin
4008,Virgiliu
4009,Aashir
4010,Philine
4011,Léonore
4012,Aurélio
4013,Vereneli
4014,Aldina
4015,Asimija
4016,Pa
4017,Dilia
4018,Edmé
4019,Josée
4020,Renald
4021,Alda
4022,Gaida
4023,Alphons
4024,Janice
4025,Katy
4026,Golalai
4027,Baltazar
4028,Amparo
4029,Thom
4030,Demush
4031,Alija
4032,Shqipe
4033,Canasia
4034,Edre
4035,Boulisa
4036,Erwira
4037,Margrittli
4038,Jäne
4039,Rolphe
4040,Léticia
4041,Iouri
4042,Irena
4043,Yacine
4044,Ismael
4045,Cátia
4046,Jean-Bernard
4047,Almo
4048,Gerard
4049,Gracia
4050,Achilles
4051,Myrta
4052,Heid
4053,Beda
4054,Elisabethe
4055,Myrtô
4056,N'Dioba
4057,Edelweiss
4058,Fiore
4059,Christiano
4060,Renza
4061,Concettina
4062,Lolette
4063,Momcilo
4064,Ozrenko
4065,Geroges
4066,Dorina
4067,Anthea
4068,Roselinde
4069,Hamdi
4070,Rosamaria
4071,Luigino
4072,Meta
4073,Saskia
4074,Dorita
4075,Lola
4076,Noah
4077,Corina
4078,Ernesto
4079,Odilo
4080,Nicolay
4081,Aladino
4082,Maruja
4083,Encarnación
4084,Rasel
4085,Iria
4086,Josyane
4087,Ervé
4088,Camilla
4089,Magda
4090,Zinia
4091,Pierre-Maurice
4092,Gastone
4093,Augustina
4094,Morgan
4095,Otello
4096,Mila
4097,Mongi
4098,Willem
4099,Laureana
4100,Ion
4101,Lidon
4102,Ariane-Lina
4103,Géraldine
4104,Osvalda
4105,Enoe
4106,Terza
4107,Jacquette
4108,Bice
4109,Giangiacomo
4110,Thérèsse
4111,Elâine
4112,Theodora
4113,Shaliew
4114,Mustapha
4115,Saleha
4116,Annalena
4117,Roberta
4118,Soroush
4119,Talat
4120,Gio
4121,Ghino
4122,Edelmira
4123,Yuko
4124,Betzy
4125,Natan
4126,Lujza
4127,Becky
4128,Paula-Vicenta
4129,Simson
4130,Rotraut
4131,Desidera
4132,Kareen
4133,Remedios
4134,Helbling
4135,Dominik
4136,Anghelina
4137,Selbourne
4138,Liboria
4139,Ciresica
4140,Cornelius
4141,Bellice
4142,Maria-Luz
4143,Gunhild
4144,Valanti
4145,Aleksandr
4146,Süham
4147,Marzieh
4148,Marouane
4149,Mehdija
4150,Behiyeh
4151,Parvine
4152,Drenuse
4153,Qazim
4154,Ekreme
4155,Ghansou
4156,Pourandokht
4157,Ezequiela
4158,Nektar
4159,Lorens
4160,Pero
4161,Jackline
4162,Yahya
4163,Teslime
4164,Halit
4165,Haïfa
4166,Jehanara
4167,Kheïra
4168,Choloshka
4169,Qibrije
4170,Emel
4171,Mesut
4172,Käis
4173,Hayat
4174,Fortunée
4175,Sergy
4176,Martia
4177,Incherah
4178,Guita
4179,Ditiro
4180,Cristofer
4181,Kadim
4182,Zemina
4183,Naomi
4184,Cinta
4185,Jordi
4186,Conception
4187,Nourélya
4188,Yaëlle
4189,Fay
4190,Milos
4191,Azar
4192,Rifaat
4193,Thomas-Alexandre
4194,Lonceny
4195,Cornelis
4196,Rubens
4197,Jocelyn
4198,Florencio
4199,Hernan
4200,Daysi
4201,Lucia-Francisca
4202,Victorino
4203,Frits
4204,Saturnia
4205,Nazih
4206,Gesualdo
4207,Moreshwar
4208,Agatina
4209,Almiro
4210,Yuri
4211,Amílcar
4212,Maria-Nieves
4213,Salvador
4214,Margarith
4215,Loraine
4216,Rabija
4217,Fürchtegott
4218,Asia
4219,Fouad
4220,Yeghnik
4221,Walpurga
4222,Almas
4223,Vijayaledsumy
4224,Keiji
4225,Ilma
4226,Danick
4227,Zwi
4228,Mel
4229,Tauba
4230,Hatice
4231,Arpit
4232,Grethe
4233,Clorinda
4234,Livia
4235,Lyssia
4236,Anca
4237,Regine
4238,Simoneth
4239,Alwin
4240,Odettte
4241,Herwig
4242,Soccorso
4243,Erwan
4244,Erich-Rodolphe
4245,Cäsar
4246,Odilla
4247,Sylvane
4248,Anne-Yolaine
4249,Annaïse
4250,Hedi
4251,Rudolphe
4252,Alfonsine
4253,Victorina
4254,Aloisia
4255,Véréna
4256,Fidelis
4257,Johanne
4258,Danielle-Aimée
4259,Fausto
4260,Charlott
4261,Zenica
4262,Liesel
4263,Margritli
4264,Marie-Josette
4265,Bethli
4266,Claudie
4267,Henrica
4268,Eguénie
4269,Julita
4270,Pronia
4271,Mailyn
4272,Elianne
4273,Brunhilde
4274,Rizieri
4275,Jeff
4276,Zoltàn
4277,Siyar
4278,Onofrio
4279,Igor
4280,Fikre
4281,Hedda
4282,Mahmud
4283,Hans-Ruedi
4284,Youssra
4285,Nuno
4286,Hermelinda
4287,Ichoua
4288,Benedetto
4289,Remzije
4290,Lorjan
4291,Bisljim
4292,Amor
4293,Yerçanik
4294,Velautham
4295,Sellachi
4296,Serafina
4297,Yoshimasa
4298,Elmira
4299,Asunta
4300,Mirian
4301,Rogelio
4302,Theodore
4303,Altan
4304,Ousmane
4305,Mahboubeh
4306,Ramize
4307,Shantaben
4308,Naseerha
4309,Sehil
4310,Luana
4311,Zari
4312,Omelia
4313,Margret
4314,Shaqir
4315,Fahmi
4316,Khaled
4317,Charuni
4318,Daut
4319,Feisel
4320,Akihiko
4321,Leonidas
4322,Kaspar
4323,Peppino
4324,Linus
4325,Lazaro
4326,Soledade
4327,Jacquelina
4328,Nestor
4329,Chiranjibi
4330,Silvina
4331,Benoit
4332,Sinan
4333,Amarjit
4334,Satwinder
4335,Balwant
4336,Annunzio
4337,Tullia
4338,Daniella
4339,Cláudio
4340,Agop
4341,Kulam
4342,Andrzej
4343,Feliks
4344,Edel
4345,Erina
4346,IIse
4347,Amorido
4348,Rahel
4349,Bazir
4350,Enid
4351,Luísa
4352,Bengt
4353,Yevgin
4354,Gennady
4355,Tullio
4356,Julianne
4357,Ewyne
4358,Liza
4359,Pierrine
4360,Primerose
4361,Stanley
4362,Mihailo
4363,Milivoj
4364,Doré
4365,André-Marie
4366,Mouctar
4367,Custodia
4368,Zaira
4369,Almirka
4370,Delma
4371,Jwan
4372,Petra
4373,Giannenrico
4374,Arturina
4375,Konstantinos
4376,D
4377,Nathapon
4378,Médée
4379,Gary
4380,Ermenegilda
4381,Alin-Gabriel
4382,Simion
4383,Tadeusz
4384,Clifton
4385,Rico
4386,Kira
4387,Aleksandar
4388,Velia
4389,Emmanuelle
4390,Priska
4391,Vienna
4392,Kätheli
4393,Marie-Anne
4394,Deirdre
4395,Gertruda
4396,Nikolai
4397,Lazar
4398,Jovica
4399,Dobrila
4400,Drinoslava
4401,Lolita
4402,Gelmina
4403,Ruggero
4404,Jolanka
4405,Reinhilde
4406,Alise
4407,Käthi
4408,Felicity
4409,Blanchette
4410,Elzbieta
4411,Margueritha
4412,Lorenz
4413,Heidelinde
4414,Hayet
4415,Helma
4416,Muhammad
4417,Sekula
4418,Nuria
4419,Tsugio
4420,Noel
4421,Hazar
4422,Janaki
4423,Prabha
4424,Thripurasundari
4425,Philomena
4426,Viktoria
4427,Shanuka
4428,Jolan
4429,Aurisia
4430,Cellerina
4431,Kerstin
4432,Marinus
4433,Jerzy
4434,Milazim
4435,Sekou
4436,N'Fanly
4437,Solomon
4438,Dieufrantz
4439,Dwojra
4440,Edmund
4441,Ottorino
4442,Hessam
4443,Rahim
4444,Syrio
4445,Amilcare
4446,Stanislaa
4447,Lázaro
4448,Gli
4449,Rosalba
4450,Massar
4451,Tamotsu
4452,Mikiko
4453,Wafik
4454,Aret
4455,Archilde
4456,Surya
4457,Anouche
4458,Hideo
4459,Takako
4460,Iuliana-Cosmina
4461,Neeltje
4462,Umberta
4463,Desi
4464,Ruby
4465,Tonny
4466,Eleuther
4467,Sylvère
4468,Baldomero
4469,Wahidullah
4470,Ersin
4471,Dimitar
4472,Onnik
4473,Dorine
4474,Kissag
4475,Sybil
4476,Ermanno
4477,Ambroisine
4478,Marjorie
4479,Jeffrey
4480,Anatoli
4481,Ghiri-Ganka
4482,Jacques-Emmanuel
4483,Guenet
4484,Netsanet
4485,Ntalia
4486,Armenik
4487,Zara
4488,Angélika
4489,Séverine
4490,Annonciata
4491,Viveya
4492,Zenawe
4493,Rai
4494,Sully
4495,Giovanna-Maria
4496,Eyasu
4497,Réna
4498,Sheelagh
4499,Quen
4500,Teresa-Maria
4501,Sylva
4502,Marie-Josèphe
4503,Thilini
4504,Akshita
4505,Hannelies
4506,Raphaële
4507,Primitiva
4508,Jean-Benoit
4509,Symphorien
4510,Eranuhi
4511,Haydee
4512,Ventzislav
4513,Genu
4514,Olinto
4515,Salwa
4516,Tiberius
4517,Schira
4518,Dragutin
4519,Dyla
4520,Duyet
4521,Floria
4522,Deni
4523,Riva
4524,Edgidio
4525,Pasqua
4526,Bortolo
4527,Fidan
4528,Kalin
4529,Gervasio
4530,Vladislav
4531,Birgit
4532,Deline
4533,Alessandrina
4534,Deasy
4535,Silvestre
4536,Hildra
4537,Florent
4538,Mohand
4539,Simy
4540,Leüs
4541,Lassiné
4542,Rahimmah
4543,Yoan
4544,Nhan
4545,Hoa
4546,Soie
4547,Huong
4548,Hieu
4549,hoang
4550,Trân
4551,Alhassane
4552,Stig
4553,Isolina
4554,Horacio
4555,Alec
4556,Beniamina
4557,Hans-Jörg
4558,Gauthier
4559,Catena
4560,Zarko
4561,Loyse
4562,Rok
4563,Venera
4564,Lorraine
4565,Ariette
4566,Hasmik
4567,Gebre
4568,Yasuhiko
4569,Naomichi
4570,Violanta
4571,Eila
4572,Domenic
4573,Ken
4574,Louiselle
4575,Abdesslem
4576,Alfonsina
4577,Przemyslaw
4578,Gitta
4579,Toshiyuki
4580,Akin
4581,Françoise-Amélie
4582,Géza
4583,Muammer
4584,Nikolay
4585,Vlasta
4586,Zoila
4587,Eloina
4588,Berno
4589,Abas
4590,Masoumeh
4591,Demètre
4592,Sefketa
4593,Alejandra
4594,Mistica
4595,Jean-Georges
4596,Anatoliy
4597,Geurt
4598,Godefridus
4599,Janna
4600,Myriel
4601,Franciscus
4602,Vivienne
4603,Morag
4604,Engelbert
4605,Prospère
4606,Kandiah
4607,Clotilda
4608,Célestin
4609,Loeung
4610,Alexis-Paul
4611,Eunice
4612,Petr
4613,Slobodan
4614,Robinson
4615,Avelina
4616,Hadrien
4617,Jasmine
4618,Oclerio
4619,Lise-Lotte
4620,Marinora
4621,Maria-Carmen
4622,Vlada
4623,Dragoje
4624,Valeri
4625,Miroljub
4626,Gábor
4627,Mosè
4628,Ananthalakshmi
4629,Jak
4630,Lauro
4631,Adriamparany
4632,Engjëll
4633,Laurella
4634,Silvestra
4635,Liliann
4636,Julieta
4637,Rufus
4638,Thuy
4639,Clothilde
4640,Ardelia
4641,Lorette
4642,Vikas
4643,Ofelia
4644,Alyne
4645,Elicia
4646,Gioconda
4647,Armelle
4648,Sarn
4649,Andri
4650,Brandina
4651,Iginio
4652,Janyne
4653,Annina
4654,Ljuba
4655,Demir
4656,Calliopi
4657,Frantiska
4658,Liam
4659,Lory
4660,Genèvieve
4661,Marika
4662,Mathos
4663,Bodo
4664,Babette
4665,Johann-Caspar
4666,Iwan
4667,Geraldo
4668,Ivar
4669,Georgettte
4670,Marzell-Anton
4671,Edda
4672,Eugenius
4673,Jacques-Maurice
4674,Gilette
4675,Genoveva
4676,Dusan
4677,Andrija
4678,Godelive
4679,Linette
4680,Julienne
4681,Djurdjina
4682,Reveica
4683,Armenouhi
4684,IIsa
4685,Peroja
4686,Bendicht
4687,Myriem
4688,Lee
4689,Lokoka
4690,Ludovica
4691,Shulan
4692,Jufang
4693,Lin
4694,Shirley
4695,Joann
4696,Marisol
4697,Russel
4698,Dornach
4699,Franziska
4700,Marc-Raymond
4701,Adélaïde
4702,Tore
4703,Lucille
4704,Jeanne-Rose
4705,Edemengarda
4706,Gizela
4707,Williams
4708,Alfred-Edwin
4709,Ermias
4710,Halina
4711,Atanas
4712,Omonde
4713,Karlheinz
4714,Eberhard
4715,Hersz
4716,Dalila
4717,Scot
4718,Laurie
4719,Loren
4720,Claude-Henri
4721,Tanya
4722,Adrienne-Emma
4723,Lazara
4724,Magdalene
4725,Marie-Danielle
4726,Elspeth
4727,Alf
4728,Jens
4729,Alice-Jeanne
4730,Lori
4731,Abella
4732,Doriette
4733,Mutombo
4734,Weltin
4735,Andrej
4736,Krysztof
4737,Denise-Irène
4738,Franciska
4739,Priscilla
4740,Hélève
4741,Baptist
4742,Jozefa
4743,Reinhard
4744,Axmed
4745,Nicolaos
4746,Orestis
4747,Joumana
4748,Yui
4749,Rivka
4750,Kazuko
4751,Abdessalem
4752,Yeoh
4753,Fortune
4754,Shee
4755,Jae
4756,Koichi
4757,Leda
4758,Yahia
4759,Nasim
4760,Orhan
4761,Hacène
4762,Tamahra
4763,Dimitrina
4764,Ladislava
4765,Rima
4766,Adel
4767,Amelio
4768,Marsha
4769,Cleto
4770,Badrozzaman
4771,Rosangela
4772,Gottardo
4773,Zemira
4774,Laurentius
4775,Giancarla
4776,Evasina
4777,Schifferaw
4778,Ivo
4779,Boujemaa
4780,Iulia
4781,Vatan
4782,Mahmed
4783,Séraphin
4784,Ping
4785,Xiaojin
4786,Hongwen
4787,Edison
4788,Rajko
4789,Mosella
4790,Marie-Paule
4791,Mechtild
4792,Willibald
4793,Zivorad
4794,Semir
4795,Giglio
4796,Héloïse
4797,Eeva
4798,Schiffra
4799,Catia
4800,Habeeb
4801,Paule-Jocelyne
4802,Léonidas
4803,Irmhild
4804,Claudi
4805,Nelida
4806,Axel
4807,Vlado
4808,May-Yvonne
4809,Merry
